Produto,URL atual em português,Nova URL em inglês,Status do redirect
ADOBE ILLUSTRATOR 2026 assinatura anual ,/produto/adobe-ilustrator,/product/adobe-illustrator-2026-assinatura-anual-,301
ARC Raiders Steam Key (PC) GLOBAL,/produto/arc-raiders-steam-key-pc-global,/product/arc-raiders-steam-key-pc-global,301
Autocad 2025 Para Windows (assinatura anual),/produto/autocad-2025-para-windows-assinatura-anual,/product/autocad-2025-para-windows-assinatura-anual,301
AutoCAD Map 3D 2025 Para Windows (assinatura anual),/produto/autocad-map-3d-2025-para-windows-assinatura-anual,/product/autocad-map-3d-2025-para-windows-assinatura-anual,301
Autodesk AutoCAD 2022 | Original ESD License,/produto/autodesk-autocad-2022-para-windows,/product/autodesk-autocad-2022-original-esd-license,301
Autodesk AutoCAD 2023 | Original ESD License,/produto/autodesk-autocad-2023-original-esd-license,/product/autodesk-autocad-2023-original-esd-license,301
Autodesk AutoCAD 2024 | Original ESD License,/produto/autodesk-autocad-2024-original-esd-license,/product/autodesk-autocad-2024-original-esd-license,301
Autodesk AutoCAD 2025 | Original ESD License,/produto/autodesk-autocad-2025-original-esd-license,/product/autodesk-autocad-2025-original-esd-license,301
Autodesk Inventor Professional 2022 | Licença Original ESD,/produto/autodesk-inventor-professional-2022-licenca-original,/product/autodesk-inventor-professional-2022-licena-original-esd,301
Autodesk Inventor Professional 2023 | Original ESD License,/produto/autodesk-inventor-professional-2023-licenca-original,/product/autodesk-inventor-professional-2023-original-esd-license,301
Autodesk Inventor Professional 2024 | Original ESD License,/produto/autodesk-inventor-professional-2024-licenca-original,/product/autodesk-inventor-professional-2024-original-esd-license,301
Autodesk Navisworks Manage | Original ESD License,/produto/navisworks-manage-autodesk-licenca-original-esd,/product/autodesk-navisworks-manage-original-esd-license,301
Autodesk Revit 2022 | Licença Original ESD,/produto/autodesk-revit-2022-licenca-original,/product/autodesk-revit-2022-licena-original-esd,301
Autodesk Revit 2023 | Original ESD License,/produto/autodesk-revit-2023-original-esd-license,/product/autodesk-revit-2023-original-esd-license,301
Autodesk Revit 2024 | Original ESD License,/produto/autodesk-revit-2024-licenca-original,/product/autodesk-revit-2024-original-esd-license,301
Battlefield 6 (Xbox Series X|S) XBOX LIVE Key UNITED STATES,/produto/battlefield-6-xbox-series-x-s-xbox-live-key-united-states,/product/battlefield-6-xbox-series-xs-xbox-live-key-united-states,301
Canva Pro - Perpetual license (one-time payment),/produto/canva-pro-vitalicio-licenca-original,/product/canva-pro-perpetual-license-one-time-payment,301
Cities: Skylines II Steam Key GLOBAL,/produto/cities-skylines-ii-steam-key-global,/product/cities-skylines-ii-steam-key-global,301
Civil 3D 2025 Para Windows (assinatura anual),/produto/autodesk-civil-3d-licenca-original,/product/civil-3d-2025-para-windows-assinatura-anual,301
CorelDRAW Graphics Suite 2020 para Windows,/produto/coreldraw-graphics-suite-2020-para-windows,/product/coreldraw-graphics-suite-2020-para-windows,301
CorelDRAW Graphics Suite 2021 para MAC,/produto/coreldraw-graphics-suite-2021-para-mac,/product/coreldraw-graphics-suite-2021-para-mac,301
CorelDRAW Graphics Suite 2021 para Windows,/produto/coreldraw-graphics-suite-2021-para-windows,/product/coreldraw-graphics-suite-2021-para-windows,301
CorelDRAW Graphics Suite 2022 para Windows,/produto/coreldraw-graphics-suite-2022-para-windows,/product/coreldraw-graphics-suite-2022-para-windows,301
CorelDraw Graphics Suite X7 para Windows,/produto/coreldraw-graphics-suite-x7-para-windows,/product/coreldraw-graphics-suite-x7-para-windows,301
CorelDraw Graphics Suite X8 para Windows,/produto/coreldraw-graphics-suite-x8-para-windows,/product/coreldraw-graphics-suite-x8-para-windows,301
Cypecad 2024 Perpetual license (one-time payment),/produto/cypecad-2024-licenca-vitalicia,/product/cypecad-2024-perpetual-license-one-time-payment,301
DayZ Deluxe Edition Steam Key GLOBAL,/produto/dayz-deluxe-edition-steam-key-global,/product/dayz-deluxe-edition-steam-key-global,301
Dying Light The Beast Steam Key GLOBAL,/produto/dying-light-the-beast-steam-key-global,/product/dying-light-the-beast-steam-key-global,301
EA SPORTS FC 24 Ultimate Edition (PC) Steam Key GLOBAL,/produto/ea-sports-fc-24-ultimate-edition-pc-steam-key-global,/product/ea-sports-fc-24-ultimate-edition-pc-steam-key-global,301
EA SPORTS FC 26 Standard Edition (Xbox Series X|S) XBOX LIVE Key UNITED STATES,/produto/ea-sports-fc-26-standard-edition-xbox-series-x-s-xbox-live-key-united-states,/product/ea-sports-fc-26-standard-edition-xbox-series-xs-xbox-live-key-united-states,301
EA SPORTS FC 26 Ultimate Edition (PS4/PS5) PSN Key UNITED STATES,/produto/ea-sports-fc-26-ultimate-edition-ps4-ps5-psn-key-united-states,/product/ea-sports-fc-26-ultimate-edition-ps4ps5-psn-key-united-states,301
ESET Internet Security 2023,/produto/eset-internet-security-2023,/product/eset-internet-security-2023,301
Grand Theft Auto V: Premium Online Edition Rockstar Games Launcher Key GLOBAL,/produto/gta5,/product/grand-theft-auto-v-premium-online-edition-rockstar-games-launcher-key-global,301
Hogwarts Legacy Steam Key PC GLOBAL,/produto/hogwarts-legacy-steam-key-pc-global,/product/hogwarts-legacy-steam-key-pc-global,301
HyperX - Alloy Origins Core TKL Wired Mechanical Tactile Aqua Switch Gaming Keyboard with RGB Back Lighting - Black,/produto/hyperx-alloy-origins-core-tkl-wired-mechanical-tactile-aqua-switch-gaming-keyboard-with-rgb-back-lighting-black,/product/hyperx-alloy-origins-core-tkl-wired-mechanical-tactile-aqua-switch-gaming-keyboard-with-rgb-back-lighting-black,301
Inventor Pro 2026 Para Windows (assinatura anual),/produto/inventor-pro-2026-para-windows-assinatura-anual,/product/inventor-pro-2026-para-windows-assinatura-anual,301
Kaspersky Premium - 1, 3, 5 or 10 Devices - 1 Year,/produto/kaspersky-premium-1-3-5-ou-10-dispositivos-1-ano,/product/kaspersky-premium-1-3-5-or-10-devices-1-year,301
Lumion Pro 12 Lifetime License for Windows,/produto/lumion-pro-12-licenca-vitalicia-para-windows,/product/lumion-pro-12-lifetime-license-for-windows,301
Lumion Pro 2023 Lifetime License,/produto/lumion-pro-2023-licenca-vitalicia,/product/lumion-pro-2023-lifetime-license,301
Maya 2025 Para Windows (assinatura anual),/produto/maya-2025-para-windows-assinatura-anual,/product/maya-2025-para-windows-assinatura-anual,301
Microsoft Office 2016 Professional Plus - 32/64 Bits | Original ESD License,/produto/microsoft-office-2016-profesional-plus-32-64-bits-esd,/product/microsoft-office-2016-professional-plus-3264-bits-original-esd-license,301
Microsoft Office 2019 Professional Plus - 32/64 Bits | Original ESD License,/produto/microsoft-office-2019-profesional-plus-32-64-bits-esd,/product/microsoft-office-2019-professional-plus-3264-bits-original-esd-license,301
Microsoft Office 2024 Professional Plus – Perpetual license (one-time payment),/produto/microsoft-office-2024-professional-plus-lifetime-digital-license,/product/microsoft-office-2024-professional-plus-perpetual-license-one-time-payment,301
MICROSOFT OFFICE 365  + MICROSOFT WINDOWS 11 PRO Licença Digital,/produto/microsoft-office-365-vitalicio-microsoft-windows-11-pro-1-licenca,/product/microsoft-office-365-microsoft-windows-11-pro-license-digital,301
Microsoft Office 365 – 5 Licenses (PC, Mac, Android, or iOS),/produto/microsoft-office-365-vitalicio-5-licenses-pc-mac-android-ou-ios-1-tb-one-drive,/product/microsoft-office-365-5-licenses-pc-mac-android-or-ios,301
Microsoft Office 365 + Windows 10 Pro | Original ESD License,/produto/microsoft-office-365-vitalicio-microsoft-windows-10-pro-1-licenca,/product/microsoft-office-365-windows-10-pro-original-esd-license,301
Microsoft Office 365 Account Global,/produto/microsoft-office-365-vitalicio,/product/microsoft-office-365-account-global,301
Microsoft Office 365 Business Premium + 1 TB OneDrive | Original ESD License,/produto/microsoft-office-365-business-premium-1-tb-onedrive-licenca-original-esd,/product/microsoft-office-365-business-premium-1-tb-onedrive-original-esd-license,301
Microsoft Office 365 Family Licença Original ESD,/produto/microsoft-office-365-family-1-tb-onedrive-licenca-original-esd,/product/microsoft-office-365-family-licena-original-esd,301
Microsoft Office 365 Pro Plus | Office 365 Lifetime Access,/produto/office-365-lifetime-access,/product/microsoft-office-365-pro-plus-office-365-lifetime-access,301
MICROSOFT OFFICE HOME & BUSINESS 2016 PARA MAC – 32 / 64 BITS – ESD,/produto/microsoft-office-home-business-2016-para-mac-32-64-bits-esd,/product/microsoft-office-home-business-2016-para-mac-32-64-bits-esd,301
MICROSOFT OFFICE HOME & BUSINESS 2019 PARA MAC – 32 / 64 BITS – ESD,/produto/microsoft-office-home-business-2019-para-mac-32-64-bits-esd,/product/microsoft-office-home-business-2019-para-mac-32-64-bits-esd,301
Microsoft Project 2016 – Licença Digital,/produto/microsoft-project-professional-2016-download-nota-fiscal,/product/microsoft-project-2016-license-digital,301
Microsoft Project 2019 – Licença Digital,/produto/microsoft-project-professional-2019-download-nota-fiscal,/product/microsoft-project-2019-license-digital,301
Microsoft Project 2021 – Licença Digital,/produto/licenca-microsoft-project-professional-2021-esd,/product/microsoft-project-2021-license-digital,301
Microsoft Project Professional 2019 | Original ESD Key License,/produto/microsoft-project-professional-2019-licenca-original-chave-esd,/product/microsoft-project-professional-2019-original-esd-key-license,301
Microsoft Project Professional 2021 | Original ESD Key License,/produto/microsoft-project-professional-2021-licenca-original-chave-esd,/product/microsoft-project-professional-2021-original-esd-key-license,301
Microsoft Visio  2019 - Licença Digital,/produto/microsoft-visio-professional-2019-download-nota-fiscal,/product/microsoft-visio-2019-license-digital,301
Microsoft Visio Professional 2019 | Original ESD Key License,/produto/microsoft-visio-professional-2019-licenca-original-chave-esd,/product/microsoft-visio-professional-2019-original-esd-key-license,301
Microsoft Visio Professional 2021 | Original ESD Key License,/produto/microsoft-visio-professional-2021-licenca-original-chave-esd,/product/microsoft-visio-professional-2021-original-esd-key-license,301
MICROSOFT WINDOWS 10 ENTERPRISE – 32 / 64 BITS – ESD,/produto/microsoft-windows-10-enterprise-32-64-bits-esd,/product/microsoft-windows-10-enterprise-32-64-bits-esd,301
MICROSOFT WINDOWS 10 HOME – 32 / 64 BITS - ESD,/produto/microsoft-windows-10-home-32-64-bits-esd,/product/microsoft-windows-10-home-32-64-bits-esd,301
MICROSOFT WINDOWS 10 PRO UPGRADE – 32 / 64 BITS – ESD,/produto/microsoft-windows-10-pro-upgrade-32-64-bits-esd,/product/microsoft-windows-10-pro-upgrade-32-64-bits-esd,301
MICROSOFT WINDOWS SERVER 2012 R2 STANDARD PORTUGUÊS (PT-BR),/produto/microsoft-windows-server-2012-r2-standard-portugues-pt-br,/product/microsoft-windows-server-2012-r2-standard-portugus-pt-br,301
MICROSOFT WINDOWS SERVER 2016 STANDARD – (DOWNLOAD) + NOTA FISCAL,/produto/microsoft-windows-server-2016-standard-download-nota-fiscal,/product/microsoft-windows-server-2016-standard-download-nota-fiscal,301
MICROSOFT WINDOWS SERVER 2019 STANDARD – Licença Digital,/produto/microsoft-windows-server-2019-standard-download-nota-fiscal,/product/microsoft-windows-server-2019-standard-license-digital,301
MICROSOFT WINDOWS SERVER 2022 STANDARD – (DOWNLOAD) + NOTA FISCAL,/produto/microsoft-windows-server-2022-standard-download-nota-fiscal,/product/microsoft-windows-server-2022-standard-download-nota-fiscal,301
MikroTik RouterBOARD hEX lite RB750r2 router,/produto/mikrotik-routerboard-hex-lite-rb750r2-router,/product/mikrotik-routerboard-hex-lite-rb750r2-router,301
MikroTik RouterBOARD hEX S RB760iGS router,/produto/roteador-mikrotik-routerboard-hex-s-rb760igs,/product/mikrotik-routerboard-hex-s-rb760igs-router,301
Mortal Kombat XL Steam Key GLOBAL,/produto/mortalkombat,/product/mortal-kombat-xl-steam-key-global,301
Office 2016 Professional – Licença Digital,/produto/microsoft-office-professional-2016-32-64-bits-esd,/product/office-2016-professional-license-digital,301
Office 2019 Professional – Licença Digital,/produto/microsoft-office-professional-2019-32-64-bits-esd,/product/office-2019-professional-license-digital,301
Office 2021 Pro Plus + Windows 11 Pro,/produto/office-2021-pro-plus-windows-11-pro,/product/office-2021-pro-plus-windows-11-pro,301
Office 2021 Professional Plus – Licença Digital,/produto/office-2021-pro-plus,/product/office-2021-professional-plus-license-digital,301
Office 2024 Home and Business – PC/Mac – Licença Vitalícia + Nota Fiscal e Garantia,/produto/office2024-home-and-business,/product/office-2024-home-and-business-pcmac-licena-vitalcia-nota-fiscal-e-garantia,301
Office 2024 Professional – Licença Digital,/produto/office-ltsc-pro-plus-2024,/product/office-2024-professional-license-digital,301
Office 365 Original para PC e Mac – Entrega Instantânea,/produto/microsoft-office-365-vitalicio-5-licencas-pc-mac-android-ou-ios-1-tb-one-drive,/product/office-365-original-para-pc-e-mac-delivery-instantnea,301
Office 365 Personal, Digital, 1TB, 1 licença - Microsoft,/produto/office-365-personal-digital-1tb-1-licenca-microsoft,/product/office-365-personal-digital-1tb-1-licena-microsoft,301
Office Professional 2021 - 32/64 Bits | Original ESD License,/produto/pacote-office-professional-2021-32-64-bits-esd,/product/office-professional-2021-3264-bits-original-esd-license,301
Pacote De 50 Device CALs Windows Server 2019 – 32/64 BITS – Licença Vitalícia + Nota Fiscal e Garantia,/produto/pacote-de-50-device-cals-windows-server-2019-32-64-bits-licenca-vitalicia-nota-fiscal-e-garantia,/product/pacote-de-50-device-cals-windows-server-2019-3264-bits-license-vitalcia-nota-fiscal-e-garantia,301
R.E.P.O. Steam Key GLOBAL,/produto/r-e-p-o-steam-key-global,/product/repo-steam-key-global,301
Recap Pro 2025 Para Windows (assinatura anual),/produto/recap-pro-2025-para-windows-assinatura-anual,/product/recap-pro-2025-para-windows-assinatura-anual,301
Resident Evil Requiem Deluxe Edition Steam Key GLOBAL,/produto/resident-evil-requiem-deluxe-edition-steam-key-global,/product/resident-evil-requiem-deluxe-edition-steam-key-global,301
Revit 2025 Para Windows (assinatura anual),/produto/comprar-revit-2025-original,/product/revit-2025-para-windows-assinatura-anual,301
Robot Structural Analysis Pro 2025 Para Windows (assinatura anual),/produto/robot-structural-analysis-pro-2025-para-windows-assinatura-anual,/product/robot-structural-analysis-pro-2025-para-windows-assinatura-anual,301
Roteador Tp-link Deco M4 Mesh Gigabit Dual-band Ac1200,/produto/roteador-tp-link-deco-m4-mesh-gigabit-dual-band-ac1200,/product/roteador-tp-link-deco-m4-mesh-gigabit-dual-band-ac1200,301
SketchUp Pro 2023 + V-Ray 6 for Windows | Original ESD License,/produto/sketchup-pro-2023-vray-6-para-windows,/product/sketchup-pro-2023-v-ray-6-for-windows-original-esd-license,301
SnowRunner Steam Key GLOBAL,/produto/snowrunner-steam-key-global,/product/snowrunner-steam-key-global,301
Sonic Frontiers (PC) Steam Key GLOBAL,/produto/sonic,/product/sonic-frontiers-pc-steam-key-global,301
The Last of Us Part I Steam Key PC GLOBAL,/produto/the-last-of-us-part-i-steam-key-pc-global,/product/the-last-of-us-part-i-steam-key-pc-global,301
The Precinct Steam Key PC GLOBAL,/produto/the-precinct-steam-key-pc-global,/product/the-precinct-steam-key-pc-global,301
The Witcher 3 Wild Hunt Complete Edition Steam Key GLOBAL,/produto/the-witcher-3-wild-hunt-complete-edition-steam-key-global,/product/the-witcher-3-wild-hunt-complete-edition-steam-key-global,301
Windows 10 Enterprise | Original ESD Key License,/produto/licenca-windows-10-enterprise-32-64-bits-esd,/product/windows-10-enterprise-original-esd-key-license,301
Windows 10 Enterprise 2021 LTSC Key,/produto/windows-10-enterprise-2021-ltsc-key,/product/windows-10-enterprise-2021-ltsc-key,301
Windows 10 Home | Original ESD Key License,/produto/microsoft-windows-10-home-chave-esd-32-64-bits,/product/windows-10-home-original-esd-key-license,301
Windows 10 Pro – Licença Digital com Ativação Online,/produto/microsoft-windows-10-pro-chave-esd-32-64-bits,/product/windows-10-pro-license-digital-com-activation-online,301
Windows 10 Pro + Office 365 -  Licença Digital,/produto/microsoft-office-365-pcs-mac-ios-e-android-microsoft-windows-10-pro-1-licenca,/product/windows-10-pro-office-license-digital,301
Windows 10 Pro | Original ESD Key License,/produto/licenca-windows-10-pro-32-64-bits-esd,/product/windows-10-pro-original-esd-key-license,301
Windows 10 Pro Upgrade | Original ESD Key License,/produto/licenca-windows-10-pro-upgrade-32-64-bits-esd,/product/windows-10-pro-upgrade-original-esd-key-license,301
Windows 11 Enterprise | Original ESD Key License,/produto/windows-11-enterprise-licenca-original-chave-esd,/product/windows-11-enterprise-original-esd-key-license,301
Windows 11 Home | Original ESD Key License,/produto/microsoft-windows-11-home-chave-esd-32-64-bits,/product/windows-11-home-original-esd-key-license,301
Windows 11 Pro – Licença Digital com Ativação Online,/produto/microsoft-windows-11-pro-chave-esd-32-64-bits,/product/windows-11-pro-license-digital-com-activation-online,301
Windows 11 Pro + Office 2021 Pro Plus | Original ESD Key License,/produto/windows-11-pro-office-2021-pro-plus-1-licenca,/product/windows-11-pro-office-2021-pro-plus-original-esd-key-license,301
Windows 11 Pro + Office 365 Pro Plus | Original ESD Key License,/produto/windows-11-pro-office-365-pro-plus-licenca-original-esd,/product/windows-11-pro-office-365-pro-plus-original-esd-key-license,301
Windows 11 Pro | Original ESD Key License,/produto/windows-11-pro-key,/product/windows-11-pro-original-esd-key-license,301
Windows 11 Pro Upgrade | Original ESD Key License,/produto/windows-11-pro-upgrade-licenca-chave-original-esd,/product/windows-11-pro-upgrade-original-esd-key-license,301
Windows Server 2022 Datacenter 16 Core | Original ESD Key License,/produto/windows-server-2022-datacenter-16-core-original-esd-key-license,/product/windows-server-2022-datacenter-16-core-original-esd-key-license,301
Windows Server 2022 Standard | Original ESD Key License,/produto/windows-server-2022-standard-original-esd-key-license,/product/windows-server-2022-standard-original-esd-key-license,301
Windows Server 2025 Standard 64 Bits, 16 Core ESD,/produto/winserver2025,/product/windows-server-2025-standard-64-bits-16-core-esd,301
